Order Region,on_time_rate,avg_sales,total_sales,order_count,avg_discount,avg_shipping_delay,Cluster
Canada,51.199165797705945,194.8498890237435,186861.04357377,959,0.1016266948540146,0.3910323253388947,0
Caribbean,46.922337100264485,198.48753693891476,1651019.332257893,8318,0.10246333302716999,0.5465256071170954,1
Central Africa,42.039355992844364,195.14789290021466,327263.01639366,1677,0.10466308941800835,0.6398330351818724,3
Central America,45.24540418475001,199.91221555541642,5665712.101056057,28341,0.10130517674626865,0.5619420627359656,2
Central Asia,44.66546112115732,198.62555550938518,109839.93219669,553,0.10578661904701628,0.6455696202531646,3
East Africa,44.06047516198704,203.15059259395355,376234.897484002,1852,0.10172246279211664,0.5707343412526998,1
East of USA,44.33839479392624,198.2808368788159,1371111.987017012,6915,0.10152422322993493,0.5848156182212582,1
Eastern Asia,45.67307692307692,204.1760079909276,1486401.338173953,7280,0.10203159392417582,0.5664835164835165,1
Eastern Europe,44.33673469387755,197.5169808864745,774266.56507498,3920,0.10070408207678572,0.5798469387755102,1
North Africa,45.48267326732673,196.39610847400093,634752.222587971,3232,0.09980507469430694,0.5522896039603961,1
Northern Europe,45.95036257787764,220.14845762251372,2155473.548582032,9791,0.10200592428515984,0.5469308548667143,1
Oceania,45.97950335041388,198.72430031155045,2016654.199561614,10148,0.10238175059745762,0.556267244777296,1
South America,45.69132909273518,198.25118229851986,2960881.407628394,14935,0.1015942422161366,0.5563441580180783,1
South Asia,43.73302289483896,200.96765233429892,1553680.920196465,7731,0.10058207266304488,0.5974647522959514,1
South of  USA ,44.2274412855377,194.26055516942645,785783.94566033,4045,0.10103584723510506,0.5799752781211372,1
Southeast Asia,44.46424827007758,202.60597786112297,1932455.816839391,9538,0.10153281658366534,0.5582931432166073,1
Southern Africa,46.6724286949006,197.27881979733792,228251.59450551998,1157,0.10343128836473639,0.4788245462402766,0
Southern Europe,45.61552327430813,217.14757892951553,2047918.816884261,9431,0.10264128988696851,0.5156399109320327,1
US Center ,44.75963988449125,195.5759764444357,1151355.773328393,5887,0.10249363053286903,0.5872260913878037,1
West Africa,47.159090909090914,196.95649194588825,727951.194232003,3696,0.1014637451314935,0.5505952380952381,1
West Asia,44.71625894491596,195.48540250439407,1174671.783648904,6009,0.10226992895207189,0.5694791146613413,1
West of USA ,46.040285249593396,196.5990193147484,1571415.961382784,7993,0.1011072192920055,0.5572375828850245,1
Western Europe,44.15301755939206,217.43130755137844,5894127.885102767,27108,0.10139848065718608,0.5973882248782647,2
